country,1970,1971,1972,1973,1974,1975,1976,1977,1978,1979,1980,1981,1982,1983,1984,1985,1986,1987,1988,1989,1990,1991,1992,1993,1994,1995,1996,1997,1998,1999,2000,2001,2002,2003,2004,2005,2006,2007,2008,2009,2010,2011,2012,2013,2014,2015,2016,2017,2018,2019
Afghanistan,,1.16,1.12,1.43,,1.3,,,,1.74,1.84,1.91,1.73,,,,,,,,,,,,,,,,,,,,,,,,,,,,3.48,3.46,2.6,3.45,3.7,3.26,4.23,4.06,,
Albania,,,,,,,,,,,,,,,,,,,,,,,,,3.45,3.81,3.08,3.38,3.54,3.59,3.43,3.46,3.12,3.14,3.23,3.28,3.19,3.28,,,,,,3.54,,3.44,3.96,3.61,,
Algeria,,,,,,,,,,7.18,6.6,,,,,,,,,,,,,,,,,,,,,,,,,,,,4.34,,,,,,,,,,,
Andorra,,,,,,,,,,,,,,,,,,,,,,,,,,,,3.71,,,,,1.66,,1.54,1.64,2.24,2.1,2.87,3.14,2.98,2.99,,2.51,3.07,3.28,3.24,3.22,3.25,3.15
Angola,,,,,,,,,,,,,,,,4.09,5.72,5.06,,,,,,,,,,,2.57,,2.61,,,,,2.12,2.28,,,,3.42,,,,,,,,,
Antigua and Barbuda,,,,,,,,,,,,,,,,,,,,,,,,,,,,,,2.75,,,3.39,,,,,,,2.52,,,,,,,,,,
Argentina,1.46,,1.94,1.78,1.92,1.84,1.17,1.72,1.94,2.4,2.61,,1.6,1.62,2.57,1.36,1.26,1.28,,1.05,1.07,,,,,,3.73,,4.04,4.52,4.58,4.83,4.02,3.54,3.49,3.86,4.13,4.46,4.84,5.53,5.02,5.29,5.35,5.44,5.36,5.78,5.55,5.46,,
Armenia,,,,,,,,,,,,,,,,,,,,,,,,,,,1.85,,,2.24,2.77,2.47,2.14,2.15,2.49,2.71,2.72,3.02,3.17,3.84,3.25,3.14,2.77,2.65,2.25,2.81,2.76,2.71,,
Australia,,,,,,,,,6.01,5.9,5.65,,5.48,5.37,,5.41,5.28,5.07,4.92,4.75,4.68,4.79,4.69,5.52,5.25,5.14,5.24,,,,4.89,,,,,4.91,4.75,4.66,4.64,5.09,5.55,5.07,4.87,5.23,5.16,5.31,5.28,5.12,,
Austria,4.15,4.28,4.45,4.52,4.66,5.13,5.24,4.95,5.16,5.04,5.01,5.37,5.36,5.3,5.29,5.3,5.5,5.38,5.19,5.02,4.96,5.1,5.3,5.25,,5.43,5.26,,6.1,6.11,5.59,5.58,5.52,5.36,5.3,5.25,5.23,5.15,5.26,5.73,5.7,5.59,5.48,5.55,5.45,5.46,5.48,5.36,,
Azerbaijan,,,,,,,,,,,,,,,,,,,,,,,6.06,,,3.34,3.51,,3.38,4.21,3.85,3.5,3.15,3.29,3.45,2.97,2.56,2.55,2.44,3.22,2.78,2.44,2.07,2.44,2.63,2.95,2.9,2.47,2.46,
Bahamas,,,,,,,,,,,,,,,,,,,,,,,,,,,,,,,2.23,,,,,,,,,,,,,,,,,,,
Bahrain,,,,,,,,,,,,,,,,,,,,,,,,,,,,,,,,,,,,,2.87,2.58,2.5,,,,2.65,2.48,2.47,2.67,,2.33,,
Bangladesh,,,,,,,,,,1.13,0.938,1.07,1.01,1.03,1.22,1.27,1.34,1.51,,,1.52,1.43,1.63,1.69,,,,1.95,,2.13,2.13,2.17,2.02,2.07,1.94,,2.13,2.2,2.05,1.94,,2.13,2.18,1.97,,,1.54,,,1.33
Barbados,,,,,,,5.94,6.52,,,,,,,,,,,,,,6.64,,,,,,,,4.34,4.72,6.06,5.88,6.25,6.02,5.67,,5.22,4.92,5.12,6.05,,5.26,5.15,6.14,,4.95,4.37,,
Belarus,,,,,,,,,,,,,,,,,,,,,,,,,,,,,,6,6.2,,,,5.71,5.87,6.08,5.15,,4.37,5.22,4.68,4.96,5.01,4.82,4.79,4.95,4.79,,
Belgium,,,,,,5.76,5.73,5.99,5.44,5.38,5.31,5.44,5.32,,,,4.85,4.58,4.3,,,,,5.37,5.41,2.99,3.05,,,,,,,,,5.8,,,6.33,6.46,6.44,6.43,,6.63,6.59,6.45,6.46,6.41,,
Belize,,,,,,,,,,,,,,,,,,,,,,,,,,,,,,5.44,5.03,5.8,,5.25,5.34,,,,5.77,6.18,6.72,,,6.43,6.61,6.89,7.28,7.51,7.56,
Benin,,,,,,,,,,,,,,,,,,,,,,,,,,,,,2.75,1.92,2.11,2.37,2.16,2.28,2.57,2.66,2.56,2.36,2.78,3.09,3.68,,3.56,3.33,3.16,3.17,2.9,3.54,2.93,
Bhutan,,,,,,,,,,,,,,,,,,,,,,,,,,,,,,,5.51,5.92,,,6.61,7.29,,,4.91,4.74,4.12,4.77,,5.72,6.04,7.59,6.99,7.23,6.85,
Botswana,,4.39,3.91,3.26,3.67,5.65,6.06,5.4,5.95,6.14,5.47,,,5.55,5.55,5.65,5.19,6.12,6.15,,5.74,,6.84,,,,,,,,,,,,,10.7,,8.85,,9.63,,,,,,,,,,
Brazil,,,,,,,,,,,,,,,,,,,,,,,,,,4.57,,,4.76,3.8,3.95,3.84,3.75,,3.97,4.48,4.87,4.97,5.27,5.46,5.65,5.74,5.86,5.84,5.95,6.24,6.31,6.32,,
Brunei,6.24,5,4.04,8.79,3.39,1.96,1.97,,2.11,1.55,1.19,1.62,1.7,,,,,4.74,5.41,4.69,3.96,3.67,3.75,4.29,,,,,5.25,4.93,3.71,,,,,,,,,,2.05,3.32,2.89,,3.35,,4.43,,,
Bulgaria,,,,,,,,,,,3.53,,,,,,,,,,4.45,5.43,5.26,4.95,4.17,2.37,2.23,,2.74,,,3.38,3.39,4,2.32,4.11,3.9,3.68,4.22,4.28,3.88,3.57,3.49,4.07,,,,4.09,,
Burkina Faso,,,,,,,,,1.68,,1.96,,,1.75,,1.76,,,1.43,,,,,,3.45,,1.44,,,,,,,,,3.94,3.98,4.08,,,3.5,3.99,3.6,4.08,4.05,3.67,,5.6,5.38,
Burundi,,,,,,,,,,2.8,,3.35,,,,,,,,,3.36,3.49,3.81,,4.57,5.02,4.08,,,3.42,2.65,2.9,3,,3.74,3.63,,,5.19,6.17,6.78,6.32,6.17,6,6.78,6.37,4.69,4.76,5.08,
Cambodia,,,,,,,,,,,,,,,,,,,,,,,,,,,,,1.26,,1.66,1.72,1.71,,1.72,,,1.6,,1.67,1.53,1.51,1.56,2.05,1.91,,,,2.16,
Cameroon,,3.08,3.36,,,,,,,,,,2.98,3.5,3.25,,2.85,2.93,2.71,2.65,3.29,3.22,2.75,,,,,,,,1.78,2.42,,3.09,3.01,2.89,2.74,3.08,2.61,3.11,2.99,2.77,2.7,2.77,2.69,2.77,2.65,3.15,3.13,
Canada,,7.71,7.62,7.04,6.69,6.44,6.72,6.73,7.1,6.71,6.48,6.43,6.52,6.88,6.64,6.21,6.04,6.32,6.18,6.1,5.99,6.88,6.77,7.7,6.68,6.32,,,5.51,5.55,5.44,4.97,5.01,,,4.78,,4.78,4.64,4.85,5.37,5.27,,,,,,,,
Cape Verde,,,,,,,,,,,,,,,,,,,,,,,,,,,,,6.39,6.8,,,7.88,,7.48,,6.53,5.41,5.52,5.31,5.57,5.04,,5,4.96,5.27,5.29,5.18,,
Central African Republic,,,,,,,,,3.17,,,,,,,,2.21,2.55,,,2.24,2.28,,,,,,,,1.69,1.61,,1.52,1.54,1.62,1.65,1.42,1.31,1.29,1.25,1.12,1.11,,,,,,,,
Chad,,,,,,,,,,,,,,,,,,,,,,,,,,,,2.27,1.65,3.23,2.65,2.43,,,1.59,1.69,,,,2.31,1.98,2.26,2.21,2.85,,,,2.45,,
Chile,,,,,3.75,3.59,,,3.07,3.48,4.22,4.91,,,,,,2.82,,,2.25,,,2.38,2.51,2.56,2.8,3.01,3.34,3.73,3.78,,4.08,3.96,3.54,3.26,3.02,3.21,3.79,4.23,4.16,4.05,,4.53,4.73,4.88,5.34,5.42,,
China,,1.39,1.6,1.65,1.76,1.71,1.82,1.75,1.96,2.15,1.91,1.95,2.03,2.08,2,2.01,2.06,1.8,1.76,,,,1.65,1.66,1.99,1.84,1.85,,1.84,1.89,,,,,,,,,,,,,,,,,,,,
Colombia,,,,,,,,,,1.75,1.73,2.6,,,3,2.72,,,,2.71,,,,,,,,,3.93,4.44,3.51,3.71,4.27,4.33,4.08,4.02,3.92,4.08,3.94,4.78,4.83,4.47,4.37,4.88,4.63,4.47,4.48,4.54,4.46,
Comoros,,,,,,,,,,,,,,,,,,,,,,,,,,,,,2.2,,,,2.26,,,,,,4.42,,,2.83,2.75,2.38,2.74,2.55,,,,
"Congo, Dem. Rep.",,,,,,,,,,,2.27,2.54,2.8,1.3,0.704,0.826,0.723,0.861,0.815,,,,,,,,,,,,,,,,,,,,,,1.52,,,2.06,1.95,2.17,2.12,1.45,,
"Congo, Rep.",5.73,5.55,,5.24,,7.74,,,8.41,7.04,6.36,,,,,,,,,,,,,,6.37,4.91,,,4.07,,,,3.21,2.84,2.29,1.84,,,,,6.22,,,,4.02,4.56,,5.47,3.51,
Costa Rica,,,,,,,,,,,7.35,,4.89,4.96,,,4.42,,4.01,4.08,,,,,,3.37,3.91,,,5.42,4.69,4.85,5.17,5.16,4.91,,4.64,4.66,4.92,6.05,6.63,6.46,6.69,6.85,6.87,7.08,7.1,7.32,6.98,7.05
Cote d'Ivoire,5.87,,7.53,7.05,5.69,6.79,6.46,,6.75,8.23,6.86,,,,,,,,,,,,6.78,6.5,4.79,4.3,4.06,4.03,3.79,4.09,3.7,3.67,4.09,3.97,4.13,4.11,4,4.26,4.34,4.41,4.55,4.14,4.65,4.73,4.58,3.49,3.97,3.8,3.26,
Croatia,,,,,,,,,,,,,,,,,,,,,,,,,,,,,,,,,3.82,3.86,3.82,,,3.97,4.28,4.39,4.24,4.15,,4.56,,,,3.92,,
Cuba,,,,,,,,,,,8.37,,,,,,,,,,,7.14,,7.07,5.62,,,,6.21,6.76,7.7,8.36,9.57,9.94,10.3,10.6,9.06,11.9,14.1,13.1,12.8,,,,,,,,,
Cyprus,,,,,,4.34,3.82,3.39,3.31,3.35,3.43,3.79,3.73,,3.6,3.59,3.49,3.45,3.38,3.38,3.34,3.58,3.78,4.1,4.16,3.74,,,,4.77,4.99,5.12,5.58,6.67,6.12,6.29,6.33,6.28,6.72,7.21,6.54,6.54,,6.48,6.45,6.35,6.16,5.78,,
Czech Republic,,,,,,,,,,,,,,,,,,,,,,,3.78,4.18,4.68,4.55,4.27,,3.6,3.68,3.65,3.75,3.97,4.14,4.01,3.89,4.22,3.87,3.74,4.17,4.06,4.27,4.25,4.09,3.99,5.79,5.59,3.85,,
Denmark,5.96,6.39,6.48,6.27,6.58,6.71,,5.67,5.75,5.59,5.91,,,,,,5.84,6.08,6.34,5.84,,5.6,,7.77,7.47,7.47,7.88,,8.11,7.93,8.08,8.22,8.21,8.12,8.21,8.09,7.73,7.62,7.48,8.45,8.56,8.48,7.24,8.49,7.63,,,7.82,,
Djibouti,,,,,,,,,,,,,,,,,,,,,,,,,,,,,,7.63,9.66,7.81,8.45,8.89,9.26,8.37,8.28,8.41,,,4.49,,,,,3.59,3.92,3.75,3.63,
Dominica,,,,,,,,,,,,,,,,,,,,4.29,,,,,,,,,5.74,4.03,,,,,,,,,,,,,,,,3.41,,,,5.57
Dominican Republic,2.64,,,,,,,,,,,,1.54,1.46,1.33,1.21,,,,,,,,0.774,0.893,1.03,1.23,,,,1.89,1.97,1.91,1.84,,,,2.05,,,,,,,,,,,,
Ecuador,2,1.88,,,,,,2.42,,,,,,,4.2,5.23,6.87,,,,,,,,,2,,,2.2,1.55,1.15,,,,,,,,,4.34,4.51,4.73,4.64,5,5.26,5,,,,
Egypt,,4.53,4.54,,5.23,4.89,4.94,4.55,4.94,,4.28,,5.61,5.22,,,,,4.53,4.6,,,4.05,4.2,4.58,4.6,4.67,,,,,,,4.95,4.67,4.79,4,3.68,3.76,,,,,,,,,,,
El Salvador,,,,,,0.905,,,,,,,,,,,,,,,,,,,,,,,2.55,2.56,2.84,,3.24,3.13,,3.18,3.49,3.61,4.46,4.66,4.05,3.9,3.71,3.8,3.82,3.91,3.83,3.73,3.59,
Equatorial Guinea,,,,,,,,,,,,,,,,,,,,,,,,,,,,,2.19,,,,,,,,,,,,,,,,,,,,,
Eritrea,,,,,,,,,,,,,,,,,,,,,,,,,,,1.64,,4.62,5.26,,4.05,3.52,,3.15,,2.13,,,,,,,,,,,,,
Estonia,,,,,,,,,,,,,,,,,,,,,,,,5.71,5.5,5.91,6.06,6.35,6.24,6.65,5.33,5.22,5.43,5.27,4.88,4.81,,4.62,5.48,5.93,5.47,4.97,4.68,4.81,5.37,5.11,5.17,4.97,,
Eswatini,,,,,,,3.71,3.94,5.8,6.36,5.3,6.58,6.75,,,,,5.8,5.51,5.66,5.48,,,,5.14,5.65,4.94,,,5.09,5.51,4.84,4.44,5.82,5.4,6.48,6.55,,6.62,6.47,6.12,6.86,,,7.07,,,,,
Ethiopia,,,,,,,,,,,,,2.11,2.3,2.11,2.34,2.14,,,,,,,2.35,,,2.77,2.76,,,3.98,3.7,3.63,,,,5.49,5.45,5.41,4.42,4.5,5.49,5.57,4.5,4.6,4.74,,,,
Fiji,,,,,,,,,,5.2,,5.82,,6.49,,,,,,4.83,,,,,,,,,5.51,5.15,5.86,5.62,6.24,,6.16,5.12,5.61,5.85,4.25,4.5,,4.17,,3.88,,,,,,
Finland,5.41,5.33,5.01,5.09,4.48,5.03,5.23,,,4.8,4.83,4.83,4.78,4.86,4.7,5.05,5.1,5.2,5.07,5.07,5.34,6.34,6.52,7.49,6.86,6.81,6.86,,,5.87,5.71,5.84,6.02,6.17,6.16,6.03,5.93,5.67,5.83,6.46,6.5,6.45,7.15,7.12,7.1,7.03,6.85,6.38,,
France,3.43,3.17,3.36,3.23,4.24,4.43,4.42,4.44,4.35,4.28,4.31,4.73,4.85,4.85,4.87,4.85,4.71,4.62,4.54,4.46,4.51,4.84,4.74,5.43,5.63,5.79,5.76,,5.69,,,,,,,,,,,,,,,,,,,5.45,,
Gabon,,,,,,,,,,,,,,,,,,,,,,,2.81,,,,,,3.42,3.08,3.83,,,,,,,,,,3.08,2.99,3.01,3.03,2.67,,,,,
Gambia,,,,,,,,,,,,,,,,4.3,3.48,,,2.97,2.83,3.78,1.17,,,2.55,2.57,,,1.57,1.47,1.16,1.44,1.36,0.622,0.692,0.752,0.817,2.18,1.91,2.56,2.5,2.64,1.82,2.23,2.16,2.02,,2.42,
Georgia,,,,,,,,,,,,,,,,,,,,,,,,,6.92,,,,2.11,2.16,2.18,2.14,2.24,2.07,2.91,2.48,3,2.7,2.92,3.22,,2.58,1.91,,,,3.59,3.57,3.52,
Germany,,,,,,,,,,,,,,,,,,,,,,,,4.41,4.34,4.43,4.49,,4.46,,,,,,,,4.29,4.37,4.44,4.91,4.94,4.82,4.96,4.96,4.94,4.83,4.84,4.91,,
Ghana,,4.22,4.62,,3.8,4.88,5.83,6.1,,2.31,2.71,1.81,1.9,,,,3.35,3.31,3.19,,,,,,,,,,,4.11,,5.35,,,7.54,7.42,5.26,5.52,5.76,5.32,5.54,8.14,7.92,4.61,4.49,4.51,4.49,3.62,3.99,
Greece,1.55,1.3,,1.11,1.34,1.46,1.45,1.49,1.69,,,1.69,1.69,1.69,1.81,,1.83,1.83,1.87,2.02,2.05,1.93,,,,,,,2.89,3.03,3.23,3.36,3.42,3.43,3.67,3.96,,,,,,,,,,,,,,
Grenada,,,,,,,,,,,,,,,,,,,,,,,,,,,,,,,,,,3.93,,,,,,,,,,,,,,3.17,,
Guatemala,1.86,2.03,,,,,1.63,,,,,,,,,,,,,,,,,1.67,1.44,1.6,1.56,,,,,,,,,,2.98,3.04,3.18,,2.8,2.92,2.96,2.89,2.99,3.03,2.94,2.95,3.14,3.21
Guinea,,,,,,,,,,,,,,,,,,,,,,2.02,2.01,2.09,,,,,,2.36,2.59,2.08,2.59,2.37,2.21,1.85,,,1.58,2.21,2.55,2.29,1.83,2.63,2.42,2.52,2.54,2.32,2.32,
Guinea-Bissau,,,,,,,,,,,,,,,,,,,,,,,,,,,,,,5.25,,,,,,,,,,,1.86,1.86,2,2.13,,,,,,
Guyana,4.33,,,,,,,7.09,,9.38,,,,8.25,7.23,,,,,,,,,,3.72,3.61,,,,8.56,8.48,8.4,8.37,6.96,5.51,8.14,5.09,3.75,,3.3,3.64,3.59,3.18,,5.85,5.21,6.06,6.23,5.49,
Haiti,,,,,,,,,,,,1.39,1.08,1.02,0.986,0.969,,,,,,1.07,,,,,,,,,,,,,,,,,,,,,,,3.02,3.16,2.45,2.69,2.78,
Honduras,,,,,,,,,2.02,2.01,1.94,,,,,,,,,,,,,,2.51,2.62,,,,,,,,,,,,,,,,,,5.87,7.09,6.41,,,6.07,
Hungary,,,,,,,,,,,,,,,,,,,,,,5.88,6.08,5.92,5.83,4.85,4.33,,4.41,4.57,4.87,4.93,5.18,5.79,5.34,5.33,5.3,5.14,4.97,4.96,4.76,4.59,4.16,4.2,4.62,4.52,4.66,4.67,,
Iceland,,,,,,,,,,,,,,,,,,,,,4.25,,,5.13,4.75,4.77,5.21,,6.79,6.44,6.45,6.73,7.32,7.25,7.16,7.36,7.3,6.99,7.1,7.18,6.98,6.82,7.6,7.49,7.69,7.51,7.5,7.66,,
India,,,,,,,,,,,,,,,,,,,,,,,,,,,,3.36,3.57,4.42,4.32,,,3.61,3.35,3.19,3.14,,,3.28,3.38,3.8,3.87,3.84,,,,,,
Indonesia,,,2.79,,,,,,,,,,,,,,,,,0.871,,,,,0.999,1,1.08,1.07,,,,2.46,2.65,3.22,2.75,2.87,,3.04,2.9,3.53,2.81,3.19,3.41,3.36,3.29,3.58,,,,
Iran,,2.77,2.77,2.88,2.69,2.97,,5.42,,,,7.13,5.8,4.18,3.8,3.46,3.57,4.14,3.68,4,3.77,3.74,3.64,4.31,,4.08,3.54,,,4.22,4.03,4.07,4.48,4.36,4.3,4.06,4.29,4.6,3.91,3.84,3.71,3.48,3.17,3.07,2.8,2.8,3.37,3.79,3.96,
Iraq,,,,,,,,3.86,,,2.42,,,,,,,,,3.55,,,,,,,,,,,,,,,,,,,,,,,,,,,,,,
Ireland,,4.48,4.61,4.6,4.68,,4.29,5.08,5.06,5.28,5.32,5.73,5.38,5.44,5.28,5.24,5.29,5.52,5.01,4.71,4.6,4.78,5,5.11,5.18,4.87,4.75,,4.29,4.14,4.14,4.09,4.11,4.21,4.49,4.52,4.55,4.71,5.44,6.14,6.04,5.86,5.77,5.33,4.88,3.76,3.72,3.51,,
Israel,,,,5.36,5.94,6.04,5.94,5.84,6.62,6.7,7.15,7.09,6.66,7.01,7,8.02,6.13,5.52,4.51,5.71,5.42,5.44,5.58,5.96,6.44,,,,6.65,6.42,6.12,6.38,6.47,6.35,5.94,5.76,5.76,5.5,5.54,5.49,5.54,5.57,5.7,5.88,5.79,5.87,5.86,6.09,,
Italy,3.37,2.9,,,3.84,3.71,3.92,,3.78,4.16,,,,4.49,4.77,4.69,4.65,,4.59,,,,,4.73,4.43,4.32,4.45,,4.45,4.51,4.29,4.65,4.43,4.54,4.39,4.24,4.53,4.11,4.39,4.52,4.33,4.12,4.06,4.14,4.06,4.07,3.82,4.04,,
Jamaica,,,,3.63,4.25,5.23,5.86,6.03,,,,,,,,5.39,4.6,,3.94,5.18,4.78,4.38,3.34,3.21,4.06,3.39,3.68,4.38,,,4.98,5.38,5.38,4.26,3.91,4.62,,5.49,6.19,6.2,6.37,6.27,6.11,6.25,6.02,5.46,5.32,5.26,5.41,5.17
Japan,,3.66,4.01,4.04,4.04,4.67,4.85,4.84,4.89,5.06,5.07,5.06,5.05,4.82,,,,5.6,5.56,5.37,,,,3.43,3.64,3.47,,,3.36,3.43,3.52,3.46,3.47,3.52,3.48,3.37,3.33,3.33,3.32,,3.64,3.64,3.69,3.67,3.59,,3.19,3.18,,
Jordan,3.63,3.3,2.39,2.49,3.56,3.76,3.53,3.68,3.68,5.08,,5.17,5.09,4.93,5.94,,3.28,3.3,4.05,5.64,,,,,,,7.37,6.28,,4.88,,,,,,,,,,,,,,,,,3.51,3.28,3.03,3.07
Kazakhstan,,,,,,,,,,,,,,,,,,,,,,,,,,4.03,3.92,4.37,,3.89,3.26,,3.03,,2.26,2.26,2.63,2.83,2.59,3.06,,,,,,2.79,2.98,2.75,2.62,
Kenya,,3.93,4.48,4.65,5.07,5.61,5.74,5.14,,,5.39,5.92,5.68,5.44,4.58,5.2,6.01,,6.6,6.04,,6.57,6.08,6.03,5.92,,,,,5.32,5.19,5.21,6.17,6.49,6.8,7.34,7.05,,,,5.51,5.34,5.51,5.41,5.28,5.27,5.36,5.37,5.31,
Kiribati,4.79,4.27,,,3.14,,,,,,,,,,,,,,,,,,,,,,,,,10.9,11.2,12,,,,,,,,,,,,,,,,,,
Kuwait,,3.29,2.82,3.3,3.52,2.14,3.12,3.37,4.08,3.43,2.79,2.72,3.03,5.09,5.15,5.01,5.4,,,,,,14.2,,,,5.86,5.58,,,,6.59,6.55,,5.54,4.74,3.76,,,,,,,,,,,,,
Kyrgyz Republic,,,,,,,,,,,,,,,,,,,,,,,,,5.59,6.16,4.9,,4.92,4.09,3.51,3.85,4.45,4.48,4.62,4.87,5.55,6.47,5.91,6.23,5.82,6.79,7.38,6.78,5.53,5.99,6.59,6.03,,
Lao,,,,,,,,,,,,,,,,,,,,,,,2.33,,,,2.43,2.13,,,1.5,1.99,2.83,,2.41,2.41,2.96,3.08,2.28,1.65,1.71,1.71,1.82,3.23,2.94,,,,,
Latvia,,,,,,,,,,,,,,,,,,,,,,,,,,,5.28,5.53,5.82,5.55,5.29,5.47,5.62,5.07,4.86,,4.71,4.66,5.4,5.56,5.07,4.93,6.58,6.98,5.27,5.31,4.71,4.4,,
Lebanon,,,,,,,,,,,,,,,,,,,,,,,,1.67,1.93,2.22,2.08,,,,,2.84,2.55,,2.64,2.65,2.78,2.58,2.01,1.77,1.61,1.65,2.15,2.43,,,,,,
Lesotho,,4.64,4.53,4.87,4.23,,,,,,,,,10.1,6.43,7.09,,,7.22,6.2,,,,8.58,7.03,8.64,,11.4,,12.5,10.1,9.37,10.1,13.2,11.1,12.1,11.3,,12.1,,,,,,,,,7.96,6.99,
Liberia,,,,,,,,,,,,,,,,,,,,,,,,,,,,,,,,,,,,,,,1.7,,,,1.78,1.73,2.28,,,2.76,2.58,
Libya,,,,,,,,,,,,,,,,,,,,,,,,,,,,,,2.26,,,,,,,,,,,,,,,,,,,,
Liechtenstein,,,,,,,,,,,,,,,,,,,,,,,,,,,,,,,,,,2.46,2.43,,2.05,1.92,2.05,,,2.56,,,,,,,,
Lithuania,,,,,,,,,,,,,,,,,,,,,,,,,,4.76,4.84,5.45,6.12,,,5.84,5.79,5.11,5.17,4.87,4.82,4.59,4.83,5.58,5.31,5.13,4.77,4.61,4.49,4.23,4,3.81,,
Luxembourg,2.22,2.76,2.65,2.72,,3.31,3.49,3.57,4.19,4.25,4.4,4.53,5.1,3.21,,,3.66,3.94,3.88,3.74,,,,,,3.53,3.34,,,,,3.56,,,,,,,,,,,4.09,,4.01,3.92,,3.57,,
Madagascar,,,3.22,2.71,2.67,2.52,3.26,5.05,,3.97,3.36,2.88,2.32,1.99,2.2,2.07,,,,,,,,1.78,,,,1.54,1.59,2.41,2.44,2.71,2.23,2.61,2.81,3.31,2.83,2.9,2.55,2.83,,2.38,2.34,1.78,2.38,2.21,2.69,,2.83,
Malawi,,4.4,3.38,3.33,3.09,2.7,2.42,,,,,,,,,,3.2,3.53,3.17,3.18,3.27,,,,,4.01,5.38,,,4.99,5.25,4.51,,3.22,,,,,,,3.54,4.15,,5.42,4.84,5.61,4.75,4.03,4.71,
Malaysia,,4.55,,,,,,,,5.09,5.73,6.7,7.03,,5.67,6.11,7.24,6.33,,,,,5.11,4.65,4.71,4.34,4.91,4.62,,5.69,5.97,7.48,7.66,7.5,5.92,,4.49,4.37,3.96,5.97,4.97,5.76,5.74,5.48,5.21,4.89,4.75,4.68,4.48,4.16
Maldives,,,,,,,,,,,,,,,,,,,,,,,,,,,,,,,,,5.79,5.32,4.66,5.02,4.65,4.42,4.47,5.77,4.12,3.51,3.76,3.8,3.47,4.37,4.1,,,
Mali,,,,,,,,,3.56,,3.47,3.45,3.28,,,,2.44,,,,,,,,,,,,2.65,2.23,2.97,2.66,2.9,3.81,3.86,3.52,,,3.4,3.87,3.34,3.75,3.48,3.28,3.65,3.8,3.1,3.79,,
Malta,,6.15,5.55,5.27,4.49,4.42,3.83,3.9,3.35,3.15,,2.87,2.85,3.31,3.08,3.25,3.11,3.17,3.34,3.59,3.83,3.92,4.31,,,,,,4.28,,,,4.15,,4.47,,,5.98,5.57,5.17,6.45,7.8,6.52,7.88,7.2,5.22,5.21,4.82,,
Marshall Islands,,,,,,,,,,,,,,,,,,,,,,,,,,,,,,13.7,,,8.21,11.8,,,,,,,,,,,,,,,,
Mauritania,,,,,,,,,,,,,,,,,,,,,,,,,,,,1.59,,1.72,,2.11,2.28,2.37,1.95,,1.96,,,,,2.33,2.16,2.29,,,1.94,,,1.9
Mauritius,,,,,,,,4.44,5.57,,,5.05,4.6,4.45,4.09,3.96,3.48,3.06,3.13,3.52,3.17,3.51,,,,,,,,3.94,3.77,3.11,3.06,4.42,4.31,4.08,3.7,3.19,3.06,3.05,3.55,3.33,3.42,3.62,4.92,4.89,5.01,5.02,4.83,4.72
Mexico,,,,,,,,,,,,,,,,,,,,2.28,2.32,2.55,3.01,,3.65,3.69,,,3.37,3.54,3.99,4.24,4.45,5.07,4.73,4.85,4.7,4.69,4.82,5.19,5.16,5.11,5.1,4.7,5.26,5.24,4.91,4.52,,
"Micronesia, Fed. Sts.",,,,,,,,,,,,,,,,,,,,,,,,,,,,,,6.42,6.71,,,,,,,,,,,,,,,12.4,,,,
Moldova,,,,,,,,,,,,,,,,,,,,,,,,,,,9.9,,,4.66,4.49,4.85,5.5,5.42,6.77,7.16,7.5,8.29,8.24,9.51,7.59,7.14,6.98,,6.27,,5.61,5.62,5.44,
Monaco,,,,,,,,,,,,,,,,,,,0.881,0.958,,,0.914,,,1.06,1.08,1.21,1.21,1.2,1.26,,,,1.24,,,,,1.35,1.32,1.59,1.78,1.33,1.02,,1.37,1.46,,
Mongolia,,,,,,,,,,,,,,,,,,,,,,,,,,,,3.95,5.49,5.15,5.55,,7.21,,4.33,,,4.69,,5.14,4.65,4.61,5.2,4.94,4.71,4.18,5.18,4.09,,
Morocco,,,,4.67,4.28,5.21,6.03,6.08,6.2,6.32,5.1,5.69,6.12,6.17,5.19,5.1,5.26,5.16,4.58,4.76,4.51,4.3,,4.82,,4.73,,,5.12,5.14,,,,,,,,,5.34,5.26,,,,,,,,,,
Mozambique,,,,,,,,,,,,,,,,,,,,,,,,,,,,,1.78,2.82,,,,,3.35,4.02,3.88,,,,,,5.67,6.12,,,5.87,5.51,5.5,
Myanmar,,,2.87,3.27,,1.99,1.73,1.64,1.64,,,,,,,,,,,,,,,,,1.2,,,,,,,,,,,,,,,,0.787,,,,,,2.09,1.92,1.93
Namibia,,,,,,,,,,,,,,,,,,,,,,,,,,,,,,7.22,6.99,7.05,6.9,6.27,,,6.16,,6.48,,8.35,,,,,,,,,
Nauru,,,,,,,,,,,,,,,,,,,,,,,,,,,,,,,,,,,,,,4.25,,,,,,,,,,,,
Nepal,,,,,,,,,,,,,,,,,,,,,,,,,,,,,2.89,2.89,2.98,3.71,3.15,3.11,3.17,3.36,3.61,3.52,3.81,4.66,3.63,3.84,3.76,3.47,3.99,3.7,4.44,5.52,5.1,
Netherlands,6.22,6.33,6.32,5.84,6.34,6.37,6.31,6.18,6.18,6.09,5.89,5.75,5.7,5.5,5.09,5.47,5.56,5.9,5.47,,5.23,5.16,,4.76,4.66,4.58,4.49,,4.54,4.51,4.59,4.7,4.81,5.04,5.06,5.11,5.04,4.89,5.03,5.43,5.49,5.46,5.41,5.53,5.46,5.35,5.48,5.18,,
New Zealand,,,,4.75,4.75,5.17,5.45,4.45,4.53,4.47,4.23,4.44,4.53,,4.05,3.55,3.43,3.92,4.43,4.82,,,,,5.93,5.74,6.38,6.16,,6.64,,6.56,6.41,6.44,6.51,6.28,5.95,5.92,5.51,6.28,7,6.93,7.15,6.7,6.34,6.34,6.43,6.28,,
Nicaragua,2.04,2.49,,,,,,,,2.82,3.26,,3.79,,5.98,,,5.35,,,,,2.98,,,,,,2.23,2.92,3,,2.39,2.42,,,,,,,4.48,,,,4.08,4.08,4.08,4.36,,
Niger,,1.05,,,,,,,,,,,,,,,,,,,2.06,2.29,2.23,2.05,2.25,2.32,2.13,,,2.58,2.56,2.28,2.4,1.94,,,2.56,3.03,2.74,3.36,2.74,3.1,3.21,3.71,5.13,4.49,2.99,2.58,3.55,
Nigeria,,,,,3.21,3.06,,,,,,,,,,,,,,,,,,,,,,,,,,,,,,,,,,,,,,,,,,,,
North Macedonia,,,,,,,,,,,,,,,,,,,,,,,4.73,4.63,4.53,4.27,4.3,,,,,,3.3,,,,,,,,,,,,,,,,,
Norway,,,5.9,5.89,5.67,5.55,6.16,5.97,6.44,,5.78,5.54,5.68,5.65,5.43,5.26,5.54,5.79,5.87,6.3,6.31,6.37,6.64,7.68,7.83,7.7,7.14,7.3,7.36,6.97,6.47,6.83,7.44,7.42,7.3,6.87,6.38,6.53,6.29,7.1,6.75,6.45,7.37,7.49,7.7,7.57,8.03,7.91,,
Oman,,,,,,,,,,,,,,,,,3.79,3.66,3.39,2.98,2.84,2.99,3.12,3.51,3.44,3.41,3.18,3.36,4.11,4.01,3.2,4.02,4.33,3.9,4.03,3.52,3.86,,,4.19,,,,4.97,,,,,,
Pakistan,,1.65,1.57,1.83,1.88,1.98,2.24,2.15,2.2,2.2,2.13,1.97,2.01,2,2.07,2.44,2.68,2.98,,2.36,2.52,2.57,2.55,2.39,2.59,2.8,2.81,3.02,,2.61,1.84,,,,1.77,2.05,2.4,2.64,2.75,2.59,2.29,2.22,2.14,2.49,2.47,2.65,3,2.9,,
Palau,,,,,,,,,,,,,,,,,,,,,,,,,,,,,,,8.03,7.72,7.53,,,,,,,,,,,,,,,,,
Palestine,,,,,,,,,,,,,,,,,,,,,,,,,,,,,,,,,,,,,,,,,6.73,5.7,5.13,5.3,,5.14,5.72,5.25,,
Panama,4.04,3.35,3.98,3.49,3.82,4.15,4.31,4.28,3.61,3.64,3.54,3.43,3.42,3.55,3.47,3.52,3.35,3.87,,,,,,,3.47,3.95,4.09,3.85,,4.57,4.76,4.11,4.19,4.17,3.58,,,,3.5,,,3.16,,,,,,,,
Papua New Guinea,,,5.25,,,,,7.39,,,,,,,,,,,,,,,,,,,,,,,,,,,,,,,,,,,,,,,,1.96,1.93,
Paraguay,2.11,2.27,,,,,,,,,,,,,,1.4,,,,,1.04,,,,,,,,4.2,4.23,4.23,3.83,3.41,3.38,2.87,,,2.74,,,2.77,3.7,3.67,,,,3.44,,,
Peru,,,,3.39,,,,,,,,,,,,,,,,,,,,,,,3.12,,3.28,3.44,3.23,3.04,2.82,2.94,2.96,2.84,2.65,2.63,2.87,3.14,2.87,2.66,2.92,3.3,3.7,3.97,3.81,3.93,3.72,3.85
Philippines,,,,,,,,,,,1.72,,2.07,1.69,,,1.73,,,,,,,,,3.04,3.36,3.52,3.81,,3.16,2.92,2.89,2.94,2.47,2.33,2.43,2.49,2.58,2.54,,,,,,,,,,
Poland,,,,,,,,,,,,,,,,,,,,,,3.89,4.19,4.18,,4.33,6.27,,4.95,4.6,4.99,5.33,5.4,5.33,5.36,5.43,5.21,4.87,5.04,4.99,5.07,4.82,4.81,4.94,4.91,4.81,4.64,4.56,,
Portugal,,,,1.63,1.94,3.06,3.08,,2.9,2.7,3.07,3.19,3.33,3.23,3.14,3.26,3.05,3.16,3.39,3.48,3.57,4.07,4.34,4.84,4.67,4.61,5.07,,,5.05,5.16,5.34,5.26,5.28,5.05,5.07,4.91,4.92,4.7,5.56,5.41,5.12,4.95,5.27,5.12,4.89,,5.02,,
Qatar,,3,2.69,2.87,,,1.75,1.97,2.78,,,,,,,,,,,,,,,,,,,,3.58,4.35,3.73,3.2,3.85,3.37,3.46,3.97,,,4.23,3.41,4.54,4.01,3.51,4.07,3.61,,,2.86,,2.7
Romania,,,,,,,,,,,,,,,,,,,,,,,,,,,3.24,,,,2.87,3.27,3.5,3.54,3.31,3.5,4.31,4.15,4.1,4,3.5,3.06,2.95,3.05,3.13,3.11,2.97,3.1,,
Russia,,,,,,,,,,,,,,,,,,,,,,,,,,,,,,,2.94,3.11,3.84,3.68,3.55,3.77,3.87,,4.1,,,,3.79,3.76,4.01,3.83,3.76,4.69,,
Rwanda,,,,,,,,2.15,2.23,2.44,2.67,4.39,,,,,,3.51,3.34,3.75,,,,,,,,,,4.58,4.1,5.67,,,,,,3.97,3.49,,4.62,4.37,4.4,4.72,4.18,3.63,3.42,3.11,3.07,
Samoa,,,,,,,,,,,,,,,,,,,,,,,,,,,,,,4.02,3.58,3.83,3.84,,,,,,5.14,,,,,,,,4.16,,,
San Marino,,,,,,,,,,,,,,,,,,,,,,,,,,,,,,,,,,,,,,,,,2.63,2.7,,,,,,3.37,3.59,
Sao Tome and Principe,,,,,,,,,,,,,,,,,,,,,,,,,,,,,,,,,2.72,3.25,3.23,4.86,4.27,6.29,5.55,10.7,9.65,,6.34,5.94,3.75,3.86,5.17,5.08,5.15,
Saudi Arabia,,,,,,,,,,,,3.89,4.14,5.98,6.11,,6.26,,,,,5.78,5.14,6,6.34,5.69,4.94,4.38,8.28,7.07,5.91,7.72,7.64,7.11,6.28,5.43,5.89,,5.14,,,,,,,,,,,
Senegal,,,,,,,,,,,,,,,,,,,,,,,,,,,,,2.53,2.49,2.49,2.6,2.68,2.77,3.04,4.06,3.77,,3.99,4.87,5.18,4.88,4.73,5.67,5.72,5.46,5.11,4.62,4.83,
Serbia,,,,,,,,,,,,,,,,,,,,,,,,,,,,,,,,,,,,,,4.21,4.44,4.48,4.33,4.24,4.16,,3.93,3.79,3.64,3.72,3.59,
Seychelles,4.19,4.07,4.25,,4.28,4.35,4.75,,,,,,,,12,10.2,9.71,,8.29,8.23,,,,,9.02,7.7,7.78,,5.99,5.26,,,5.19,5.37,,,4.77,,,,,3.61,2.61,3.61,4.08,,4.42,,,
Sierra Leone,,,,,,,,,,,,,,,,,,,,,,,,,,,,,,,4.95,3.43,3.55,3.26,3.11,2.8,,2.56,2.41,2.78,2.59,2.67,2.87,2.38,2.66,,3.06,4.64,6.99,7.7
Singapore,,3.11,2.87,2.49,2.39,2.44,2.69,2.45,2.29,2.25,2.56,2.58,3.27,3.95,,,,,3.65,,,,,,,,,,,,3.32,3.54,3.88,3.98,3.65,3.2,2.86,2.95,2.76,3.01,3.08,3.03,3.07,2.85,,,,,,
Slovak Republic,,,,,,,,,,,,,,,,,,,,,,,5.36,4.45,3.71,4.3,4.12,4.12,,4.11,3.86,3.94,4.25,4.21,4.1,3.76,3.71,3.52,3.52,4.01,4.08,3.93,3.87,4.08,4.22,4.6,3.91,3.94,,
Slovenia,,,,,,,,,,,,,,,,,,,,,,4.44,5.15,5.4,5.12,4.91,,,,,,5.76,5.67,5.7,5.64,5.6,5.59,5.12,5.11,5.55,5.55,5.54,5.62,5.41,5.29,4.91,4.8,4.78,,
Solomon Islands,,3.4,,,,,,,,,,,,,,,,,,,,2.75,,,,,,,2.25,,,,,,,,,9.88,8.8,8.97,9.86,,,,,,,,,
Somalia,,,1.18,1.28,,,,,,,,,,,,,,,,,,,,,,,,,,,,,,,,,,,,,,,,,,,,,,
South Africa,,,,,,,,,,,,,,,,,,5.16,5.29,4.85,5.13,5.74,,5.89,5.81,,5.58,,,5.88,5.44,5.16,5.07,4.86,5.07,5.06,5.07,4.97,4.87,5.25,5.72,,,,,5.96,5.94,6.11,6.16,6.51
South Korea,3.41,3.74,3.22,2.68,,2.09,2.75,2.43,,3.02,3.46,2.9,6.33,4.32,4.01,3.99,3.64,3.37,2.75,3.06,3.04,3.49,3.58,3.7,3.02,2.94,,,3.37,3.37,,,,,,,,,,,,,,,,,4.33,,,
South Sudan,,,,,,,,,,,,,,,,,,,,,,,,,,,,,,,,,,,,,,,,,,0.963,,1.02,1.23,1.47,1.54,,,
Spain,1.83,1.89,2.06,,1.46,,1.9,2.08,2.23,2.34,,,,,,,,3.13,3.33,3.55,3.63,3.74,3.84,4.24,4.48,4.43,4.46,,4.29,4.26,4.17,4.11,4.13,4.17,4.16,4.14,4.18,4.25,4.53,4.91,4.86,4.9,4.47,4.35,4.3,4.29,4.23,4.21,,
Sri Lanka,,,,3.32,,2.74,,,,2.57,2.7,2.44,2.56,2.39,2.17,2.58,2.81,2.64,2.83,2.76,2.41,2.92,,,3.11,2.96,3.34,,3.05,,,,,,,,,,,2.06,1.72,1.81,1.5,1.62,1.93,2.23,3.45,2.8,2.12,
St. Kitts and Nevis,,,,,,,,,,,,,,,,3.96,,2.64,,2.2,,2,2.3,,,2.58,,,4.02,3.32,4.61,4.27,3.79,3.66,3.8,3.63,4.06,4.19,,,,,,,,2.64,,,,
St. Lucia,,,,,,,,,,,,,5.54,,,,4.15,,,,,,,,6.53,,,,5.53,5.45,,5.71,,3.53,3.44,4.24,4.7,,4.48,3.07,3.48,3.59,3.27,3.86,3.88,3.87,5.21,,3.33,
St. Vincent and the Grenadines,,,,,,,,,,,,,,,,,4.43,,,4.47,,4.87,,,,,,,4.03,5.75,7.91,,7.8,8.64,,6.35,,5.67,,5.69,5.09,,,,,,5.73,5.73,5.69,
Sudan,,,,,,,,,,,,,,,,,,,,,,,,,,,,,,,1.01,,1.43,,1.63,1.56,1.96,,2.2,2.22,,,,,,,,,,
Sweden,,,,,,,,,,6.37,6.54,6.78,,,,,,,,,5.21,5.44,5.26,5.51,,6.15,6.84,,7.06,6.85,6.74,6.62,6.92,6.79,6.66,6.51,6.36,6.17,6.34,6.75,6.52,6.37,7.54,7.61,7.57,7.44,7.62,7.57,,
Switzerland,3.49,3.6,3.77,4.03,4.24,4.5,4.61,4.63,4.5,4.48,4.36,4.32,4.39,4.5,4.35,4.3,4.34,4.29,4.36,4.27,4.52,4.68,,5.09,5.06,5.06,5.07,,4.89,4.89,4.78,4.96,5.31,5.52,5.45,5.2,4.96,4.69,4.87,5.04,4.93,4.97,5.03,5.04,5.05,5.1,5.1,5.13,,
Syria,,,3.58,3.69,,3.93,5.83,5.71,5.51,4.97,4.58,5.38,5.9,,6.13,6.07,5.62,4.56,3.62,4.03,,,,,,,3.7,,,,,4.36,5.05,6.48,5.37,,5.35,4.87,4.6,5.13,,,,,,,,,,
Tajikistan,,,,,,,,,,,,,,,,,,,,,,,,8.19,,2.07,2.04,,2.53,2.08,2.33,2.38,2.78,2.42,2.77,3.51,3.4,3.41,3.46,4.1,4.01,3.94,4.02,,,5.23,,,,
Tanzania,,,,,,,,,,,,,,,,,,,,2.25,2.14,,,,,,2.53,2.46,2.18,,,,,,3.56,3.55,3.01,4.03,4.19,3.96,4.54,,,,3.38,,,4.43,3.7,
Thailand,,3.07,3.03,2.55,2.15,2.38,3.02,3.22,,2.85,2.57,2.88,3.27,3.46,3.44,,3.41,3.12,2.75,2.5,,3.09,3.05,,3.41,3.14,3.5,4.58,4.63,4.83,5.25,4.82,3.86,3.73,4.03,3.94,4.05,3.6,3.51,3.86,3.51,4.81,4.54,4.12,,,,,,
Timor-Leste,,,,,,,,,,,,,,,,,,,,,,,,,,,,,,,,,,,,,,,8.67,12.9,11.1,10.1,7.24,5.67,7.52,8.43,8.05,7.06,6.79,
Togo,2.11,,,,,,,,,6.68,,5.88,,,5.39,,,4.72,,,,,5.68,,,,4.41,,3.98,4.19,3.92,3.77,3.49,3.33,3.11,3.16,3.44,3.51,3.29,3.87,4.1,4.31,4.72,4.42,4.78,5.11,4.96,4.99,5.37,
Tonga,,,,,,,,,,,,,,,10.3,,,,,,,,,,,,,,5.59,5.46,4.94,4.53,3.79,4.16,3.91,,,,,,,,,,,,,,,
Trinidad and Tobago,,,,,,,,,,,3.77,,5.46,5.77,5.87,5.77,,,,4.2,3.65,,,,3.43,3.56,3.25,3.33,2.44,2.76,2.76,3.07,3.54,3.14,,,,,,,,,,,,,,,,
Tunisia,,,,,,,,,,,5.24,4.89,5.29,5.46,5.52,5.54,5.88,,,,5.79,6.03,5.75,5.98,6.18,6.43,6.29,6.68,,6.27,6.2,6.2,5.79,6.82,6.72,6.45,6.44,6.47,6.27,6.53,6.25,,6.25,,,6.6,,,,
Turkey,,,,,,,,,4.35,2.92,,2.21,1.75,2.65,2.03,1.74,1.51,,,,,,,3.37,3.42,2.25,,,0,2.89,2.53,2.65,2.75,2.88,3.02,,2.75,,,,,,,,,,,,,
Turkmenistan,,,,,,,,,,,,,,,,,,,,,,,,,,,,,,,,,,,,,,,,,,,3.05,,,,,,,
Tuvalu,,,,,,,,,,,,,,,,,,,,,7.55,,,,,,,3.73,,,,,,,,,,,,,,,,,,,,,,
Uganda,,3.16,,3.35,3.39,3.22,2.68,,,,,,2.52,1.69,2.43,3.43,,,5.1,,,,,,,,,,,,2.46,,,,4.95,,,,,,1.74,2.32,1.81,1.89,1.93,2.34,2.16,2.27,2.13,
Ukraine,4.57,,,,,,,,,,,,,,,,,,,,,,,,,,,5.46,4.45,3.62,4.17,4.69,5.44,5.61,5.31,6.06,6.21,6.16,6.44,7.32,,6.16,6.69,6.67,5.87,,5.01,5.41,,
United Kingdom,,5.03,5.16,5.45,5.39,6.27,6.42,6.06,,,5.07,5.29,5.19,5.06,4.9,4.59,4.38,4.37,4.27,4.13,4.06,4.12,4.33,,4.85,4.84,4.39,,4.21,4,4.03,4.12,4.64,4.8,4.74,4.94,4.99,4.91,4.89,5.07,5.7,5.6,,5.53,5.6,5.56,5.43,5.44,,
United States,,,,,,,,,,,,,,,,,,,,,,,,,,,,,,,,,,,,,,,,,,,,4.93,4.96,,,,,
Uruguay,,,,,,,,,,1.99,2.16,,,,2.37,2.57,3.1,,,,,2.48,2.41,,2.27,2.52,2.87,,2.24,,2.42,2.8,2.32,2.07,2.5,2.71,2.88,,,,,4.36,,,,,4.76,4.84,5.05,
Uzbekistan,,,,,,,,,,,,,,,,,,,,,,,,,,,,,,,,,,,,,,,,,,,,6.09,6.03,5.79,5.67,5.28,,
Vanuatu,,,,,,,,,,,,,,,,,,,,,,,,,4.39,,,,7.64,6.16,7,8.95,8.13,8.44,,,,,5.78,5.01,,,,,4.91,5.39,,4.53,,
Venezuela,4.16,4.18,4.84,,3.95,5.2,,5.26,,,4.4,5.19,5.01,6.06,4.06,,,3.93,3.63,,2.45,,4.31,3.82,5.01,,,,,,,,,,,,3.67,3.63,,6.87,,,,,,,,,,
Vietnam,,,,,,,,,,,,,,,,,,,,,,,,,,,,,,,,,,,,,,,4.89,4.82,5.14,4.81,5.53,5.65,,,4.34,,4.17,
Yemen,,,,,,,,,,,,,,,,,,,,,,,,,,,,,,,9.65,9.24,,,,,,,5.15,,,,,,,,,,,
Zambia,4.39,6.1,5.95,5.49,4.88,6.24,6.03,5.69,4.74,4.15,4.13,4,5.15,5.39,4.99,4.15,3.34,2.66,,,,2.74,2.09,1.94,1.79,1.84,,,2.12,1.77,1.79,,,,2.46,1.74,,1.24,1.1,,,,,,,4.62,3.75,3.73,4.62,
Zimbabwe,,,,,,,,,,2.32,2.54,3.35,,4.15,5.79,7.42,,11.6,12.3,12.3,12.5,,22.3,,44.3,,,,,,,,,,,,,,,,1.54,,6.07,6,6.14,,,5.82,5.87,
